Country,Sales Territory ID,Sales Territory Name,Organization ID,Organization Name,Domain Name,Verification Result,Confidence,Reasoning,Evidence URLs,Evidence Extracts,Resolved URL,HTTP Status,Review Required
JP,203392,3M JAPAN HOLDINGS COMPANY - JP,56430499,3M JAPAN PRODUCTS LIMITED,3m.co.jp,Inactive/unreachable,low,No usable HTTP page was retrieved; this is not evidence of a mismatch.,http://3m.co.jp,"<urlopen error [Errno 8] nodename nor servname provided, or not known>",http://3m.co.jp,0,Yes
KR,104690,3M KOREA LTD. - KR,122359832,3M Korea Ltd.,3m.co.kr,Inactive/unreachable,low,No usable HTTP page was retrieved; this is not evidence of a mismatch.,http://3m.co.kr,"<urlopen error [Errno 8] nodename nor servname provided, or not known>",http://3m.co.kr,0,Yes
JP,203392,3M JAPAN HOLDINGS COMPANY - JP,89532631,3 M PHOENIX LIMITED,3m.com,Inactive/unreachable,low,No usable HTTP page was retrieved; this is not evidence of a mismatch.,http://3m.com,"<urlopen error [Errno 8] nodename nor servname provided, or not known>",http://3m.com,0,Yes
SG,104711,3M SINGAPORE PTE. LTD. - SG,100194133,3M SINGAPORE PTE. LTD.,3m.com,Inactive/unreachable,low,No usable HTTP page was retrieved; this is not evidence of a mismatch.,http://3m.com,"<urlopen error [Errno 8] nodename nor servname provided, or not known>",http://3m.com,0,Yes
KR,104690,3M KOREA LTD. - KR,678896118,3M Korea Health & Safety Ltd,3m.com,Inactive/unreachable,low,No usable HTTP page was retrieved; this is not evidence of a mismatch.,http://3m.com,"<urlopen error [Errno 8] nodename nor servname provided, or not known>",http://3m.com,0,Yes
MY,104691,3M MALAYSIA SDN BHD - MY,107610045,3M SEREMBAN (MALAYSIA) SDN. BHD.,3m.com,Inactive/unreachable,low,No usable HTTP page was retrieved; this is not evidence of a mismatch.,http://3m.com,"<urlopen error [Errno 8] nodename nor servname provided, or not known>",http://3m.com,0,Yes
PH,104708,3M PHILIPPINES INC - PH,718847078,"3M SERVICE CENTER APAC, INC.",3m.com,Inactive/unreachable,low,No usable HTTP page was retrieved; this is not evidence of a mismatch.,http://3m.com,"<urlopen error [Errno 8] nodename nor servname provided, or not known>",http://3m.com,0,Yes
TH,104471,3M (THAILAND) LTD - TH,129510861,3M THAILAND LIMITED,3m.com,Inactive/unreachable,low,No usable HTTP page was retrieved; this is not evidence of a mismatch.,http://3m.com,"<urlopen error [Errno 8] nodename nor servname provided, or not known>",http://3m.com,0,Yes
NZ,104703,3M NEW ZEALAND LIMITED - NZ,125455663,3M NEW ZEALAND LIMITED,3m.com,Inactive/unreachable,low,No usable HTTP page was retrieved; this is not evidence of a mismatch.,http://3m.com,"<urlopen error [Errno 8] nodename nor servname provided, or not known>",http://3m.com,0,Yes
PK,104706,3M PAKISTAN PRIVATE LIMITED - PK,83362385,3M PAKISTAN (PRIVATE) LIMITED,3m.com,Inactive/unreachable,low,No usable HTTP page was retrieved; this is not evidence of a mismatch.,http://3m.com,"<urlopen error [Errno 8] nodename nor servname provided, or not known>",http://3m.com,0,Yes
VN,104716,3M VIETNAM - VN,156054540,3M VIETNAM LIMITED,3m.com,Inactive/unreachable,low,No usable HTTP page was retrieved; this is not evidence of a mismatch.,http://3m.com,"<urlopen error [Errno 8] nodename nor servname provided, or not known>",http://3m.com,0,Yes
AU,104474,3M AUSTRALIA - AU,124783561,3M AUSTRALIA PTY LTD,3m.com.au,Inactive/unreachable,low,No usable HTTP page was retrieved; this is not evidence of a mismatch.,http://3m.com.au,"<urlopen error [Errno 8] nodename nor servname provided, or not known>",http://3m.com.au,0,Yes
